CustomerID,Age,Annual_Income_k,Spending_Score,Purchases_Count,Account_Age_Months
101,19,15,39,4,12
102,21,15,81,15,8
103,20,16,6,2,24
104,23,16,77,18,6
105,31,17,40,5,18
106,22,17,76,14,5
107,35,18,6,1,36
108,23,18,94,22,3
109,64,19,3,1,48
110,30,19,72,16,7
111,67,19,14,2,42
112,35,19,99,25,2
113,58,20,15,3,60
114,24,20,77,17,4
115,37,20,13,2,30
116,22,20,79,19,5
117,35,21,35,4,20
118,20,21,66,12,9
119,52,23,29,3,50
120,35,23,98,24,1
121,35,24,35,5,15
122,25,24,73,16,6
123,46,25,5,1,54
124,31,25,73,15,7
125,54,28,14,2,44
126,29,28,82,20,4
127,45,28,32,4,36
128,35,28,61,13,10
129,40,29,31,3,28
130,23,29,87,21,3
131,60,30,4,1,62
132,21,30,73,15,8
133,53,33,4,1,40
134,18,33,92,23,2
135,49,33,14,2,36
136,21,33,81,18,5
137,42,34,17,3,30
138,30,34,73,14,9
139,36,37,26,4,22
140,20,37,75,16,6
141,47,71,9,2,24
142,32,71,78,19,11
143,40,71,11,3,28
144,38,71,91,22,5
145,47,73,16,3,32
146,27,73,88,20,4
147,38,74,20,4,20
148,39,74,83,18,7
149,34,78,17,3,26
150,29,78,89,21,3
